{"cameraMode":{"drawMode":0,"name":"Shaded","section":"Shading Mode"},"sceneLighting":false,"audioPlay":false,"sceneViewState":{"m_AlwaysRefresh":false,"showFog":true,"showSkybox":false,"showFlares":true,"showImageEffects":true,"showParticleSystems":true,"showVisualEffectGraphs":true,"m_FxEnabled":false},"in2DMode":false,"pivot":{"x":-0.9026147127151489,"y":1.0938020944595338,"z":-0.23106691241264344},"rotation":{"x":-0.17358651757240296,"y":0.3955110013484955,"z":-0.0763966292142868,"w":-0.8986688852310181},"size":0.12247446924448013,"orthographic":false}